<?xml version="1.0" encoding="UTF-8"?>
<cloudControlRecord>
    <device_00000000>
        <deviceId>00000000</deviceId>
        <deviceName>Bluetooth Device</deviceName>
        <version>18</version>
        <disabled>false</disabled>
        <region>[ALL]</region>
        <type>2</type>
        <build>stable</build>
        <rssi>0</rssi>
        <product>[ALL]</product>
        <allow_sync>true</allow_sync>
        <active_pull>true</active_pull>
        <bucket>miuibluetooth</bucket>
        <use_cdn>true</use_cdn>
        <delay_sync_time>9</delay_sync_time>
    </device_00000000>
    <device_01010101>
        <deviceId>01010101</deviceId>
        <deviceName>Air 2s</deviceName>
        <version>1</version>
        <disabled>false</disabled>
        <region>[ALL]</region>
        <type>3</type>
        <layout>1</layout>
        <tws_headset>true</tws_headset>
        <build>stable</build>
        <rssi>-48</rssi>
        <product>[ALL]</product>
        <allow_sync>true</allow_sync>
        <active_pull>false</active_pull>
        <bucket>miuibluetooth</bucket>
        <use_cdn>true</use_cdn>
    </device_01010101>
    <device_01010102>
        <deviceId>01010102</deviceId>
        <deviceName>Mi Air 2 Pro</deviceName>
        <version>1</version>
        <disabled>false</disabled>
        <region>[ALL]</region>
        <type>3</type>
        <layout>1</layout>
        <tws_headset>true</tws_headset>
        <build>stable</build>
        <rssi>-46</rssi>
        <product>[ALL]</product>
        <allow_sync>true</allow_sync>
        <active_pull>false</active_pull>
        <bucket>ecoearphone</bucket>
        <use_cdn>true</use_cdn>
    </device_01010102>
    <device_01010400>
        <deviceId>01010400</deviceId>
        <deviceName>ZMI PurPods Pro</deviceName>
        <version>2</version>
        <disabled>false</disabled>
        <region>[ALL]</region>
        <type>2</type>
        <layout>1</layout>
        <tws_headset>true</tws_headset>
        <build>stable</build>
        <rssi>-49</rssi>
        <product>[ALL]</product>
        <allow_sync>true</allow_sync>
        <active_pull>false</active_pull>
        <bucket>aibluetooth</bucket>
        <use_cdn>true</use_cdn>
    </device_01010400>
    <device_01010401>
        <deviceId>01010401</deviceId>
        <deviceName>ZMI PurPods</deviceName>
        <version>2</version>
        <disabled>false</disabled>
        <region>[ALL]</region>
        <type>2</type>
        <layout>1</layout>
        <tws_headset>true</tws_headset>
        <build>stable</build>
        <rssi>-49</rssi>
        <product>[ALL]</product>
        <allow_sync>true</allow_sync>
        <active_pull>false</active_pull>
        <bucket>aibluetooth</bucket>
        <use_cdn>true</use_cdn>
    </device_01010401>
    <device_01010406>
        <deviceId>01010406</deviceId>
        <deviceName>Mi TWE 2 Pro</deviceName>
        <version>1</version>
        <disabled>false</disabled>
        <region>[ALL]</region>
        <type>2</type>
        <layout>1</layout>
        <tws_headset>true</tws_headset>
        <build>stable</build>
        <rssi>-48</rssi>
        <product>[ALL]</product>
        <allow_sync>true</allow_sync>
        <active_pull>false</active_pull>
        <bucket>ecoearphone</bucket>
        <use_cdn>true</use_cdn>
    </device_01010406>
    <device_01010407>
        <deviceId>01010407</deviceId>
        <deviceName>Mi Air 2s Pokemon</deviceName>
        <version>1</version>
        <disabled>false</disabled>
        <region>[ALL]</region>
        <type>2</type>
        <layout>1</layout>
        <tws_headset>true</tws_headset>
        <build>stable</build>
        <rssi>-47</rssi>
        <product>[ALL]</product>
        <allow_sync>true</allow_sync>
        <active_pull>false</active_pull>
        <bucket>ecoearphone</bucket>
        <use_cdn>true</use_cdn>
    </device_01010407>
    <device_01010500>
        <deviceId>01010500</deviceId>
        <deviceName>Redmi AirDots 3</deviceName>
        <version>2</version>
        <disabled>false</disabled>
        <region>[ALL]</region>
        <type>2</type>
        <layout>1</layout>
        <tws_headset>true</tws_headset>
        <build>stable</build>
        <rssi>-48</rssi>
        <product>[ALL]</product>
        <allow_sync>true</allow_sync>
        <active_pull>false</active_pull>
        <bucket>miuibluetooth</bucket>
        <use_cdn>true</use_cdn>
    </device_01010500>
    <device_0101200009>
        <deviceId>0101200009</deviceId>
        <deviceName>悦米小爱随身音箱</deviceName>
        <version>1</version>
        <disabled>false</disabled>
        <region>[ALL]</region>
        <type>2</type>
        <layout>3</layout>
        <tws_headset>false</tws_headset>
        <build>stable</build>
        <rssi>-47</rssi>
        <product>[ALL]</product>
        <allow_sync>true</allow_sync>
        <active_pull>false</active_pull>
        <bucket>aibluetooth</bucket>
        <use_cdn>true</use_cdn>
    </device_0101200009>
    <device_0201010000>
        <deviceId>0201010000</deviceId>
        <deviceName>FlipBuds Pro</deviceName>
        <version>2</version>
        <disabled>false</disabled>
        <region>[CN]</region>
        <type>2</type>
        <layout>1</layout>
        <tws_headset>true</tws_headset>
        <build>stable</build>
        <rssi>-60</rssi>
        <product>[ALL]</product>
        <allow_sync>true</allow_sync>
        <active_pull>false</active_pull>
        <bucket>miuibluetooth</bucket>
        <use_cdn>true</use_cdn>
        <show_new_feature>false</show_new_feature>
    </device_0201010000>
    <device_01010505>
        <deviceId>01010505</deviceId>
        <deviceName>Redmi Earbuds 3 Pro</deviceName>
        <version>2</version>
        <disabled>false</disabled>
        <region>[ALL]</region>
        <type>2</type>
        <layout>1</layout>
        <tws_headset>true</tws_headset>
        <build>stable</build>
        <rssi>-48</rssi>
        <product>[ALL]</product>
        <allow_sync>true</allow_sync>
        <active_pull>false</active_pull>
        <bucket>ecoearphone</bucket>
        <use_cdn>true</use_cdn>
    </device_01010505>
    <device_01010402>
        <deviceId>01010402</deviceId>
        <deviceName>Redmi AirDots 3 Pro</deviceName>
        <version>6</version>
        <disabled>false</disabled>
        <region>[ALL]</region>
        <type>2</type>
        <layout>1</layout>
        <tws_headset>true</tws_headset>
        <build>stable</build>
        <rssi>-48</rssi>
        <product>[ALL]</product>
        <allow_sync>true</allow_sync>
        <active_pull>false</active_pull>
        <bucket>miuibluetooth</bucket>
        <use_cdn>true</use_cdn>
    </device_01010402>
    <device_01010405>
        <deviceId>01010405</deviceId>
        <deviceName>ZMI PurPods Pro</deviceName>
        <version>2</version>
        <disabled>false</disabled>
        <region>[ALL]</region>
        <type>2</type>
        <layout>1</layout>
        <tws_headset>true</tws_headset>
        <build>stable</build>
        <rssi>-49</rssi>
        <product>[ALL]</product>
        <allow_sync>true</allow_sync>
        <active_pull>false</active_pull>
        <bucket>aibluetooth</bucket>
        <use_cdn>true</use_cdn>
    </device_01010405>
    <device_01010604>
        <deviceId>01010604</deviceId>
        <deviceName>Earphones</deviceName>
        <version>1</version>
        <disabled>false</disabled>
        <region>[ALL]</region>
        <type>2</type>
        <layout>1</layout>
        <tws_headset>true</tws_headset>
        <build>stable</build>
        <rssi>-52</rssi>
        <product>[ALL]</product>
        <allow_sync>true</allow_sync>
        <active_pull>false</active_pull>
        <bucket>miuibluetooth</bucket>
        <use_cdn>true</use_cdn>
    </device_01010604>
    <device_01010600>
        <deviceId>01010600</deviceId>
        <deviceName>Redmi AirDots 3 Pro</deviceName>
        <version>2</version>
        <disabled>false</disabled>
        <region>[ALL]</region>
        <type>2</type>
        <layout>1</layout>
        <tws_headset>true</tws_headset>
        <build>stable</build>
        <rssi>-46</rssi>
        <product>[ALL]</product>
        <allow_sync>true</allow_sync>
        <active_pull>false</active_pull>
        <bucket>miuibluetooth</bucket>
        <use_cdn>true</use_cdn>
    </device_01010600>
    <device_01010502>
        <deviceId>01010502</deviceId>
        <deviceName>Haylou W1</deviceName>
        <version>2</version>
        <disabled>false</disabled>
        <region>[ALL]</region>
        <type>2</type>
        <layout>1</layout>
        <tws_headset>true</tws_headset>
        <build>stable</build>
        <rssi>-48</rssi>
        <product>[ALL]</product>
        <allow_sync>true</allow_sync>
        <active_pull>false</active_pull>
        <bucket>miuibluetooth</bucket>
        <use_cdn>true</use_cdn>
    </device_01010502>
    <device_01010602>
        <deviceId>01010602</deviceId>
        <deviceName>Redmi Buds 3 Pro</deviceName>
        <version>2</version>
        <disabled>false</disabled>
        <region>[ALL]</region>
        <type>2</type>
        <layout>1</layout>
        <tws_headset>true</tws_headset>
        <build>stable</build>
        <rssi>-46</rssi>
        <product>[ALL]</product>
        <allow_sync>true</allow_sync>
        <active_pull>false</active_pull>
        <bucket>miuibluetooth</bucket>
        <use_cdn>true</use_cdn>
    </device_01010602>
    <device_01010605>
        <deviceId>01010605</deviceId>
        <deviceName>Redmi Buds 3</deviceName>
        <version>4</version>
        <disabled>false</disabled>
        <region>[CN]</region>
        <type>2</type>
        <layout>1</layout>
        <tws_headset>true</tws_headset>
        <build>stable</build>
        <rssi>-48</rssi>
        <product>[ALL]</product>
        <allow_sync>true</allow_sync>
        <active_pull>false</active_pull>
        <bucket>miuibluetooth</bucket>
        <use_cdn>true</use_cdn>
    </device_01010605>
    <device_01010603>
        <deviceId>01010603</deviceId>
        <deviceName>Redmi Buds 3 Pro</deviceName>
        <version>1</version>
        <disabled>false</disabled>
        <region>[ALL]</region>
        <type>2</type>
        <layout>1</layout>
        <tws_headset>true</tws_headset>
        <build>stable</build>
        <rssi>-48</rssi>
        <product>[ALL]</product>
        <allow_sync>true</allow_sync>
        <active_pull>false</active_pull>
        <bucket>miuibluetooth</bucket>
        <use_cdn>true</use_cdn>
    </device_01010603>
    <device_01010606>
        <deviceId>01010606</deviceId>
        <deviceName>Redmi Buds 3</deviceName>
        <version>2</version>
        <disabled>false</disabled>
        <region>[ALL]</region>
        <type>2</type>
        <layout>1</layout>
        <tws_headset>true</tws_headset>
        <build>stable</build>
        <rssi>-48</rssi>
        <product>[ALL]</product>
        <allow_sync>true</allow_sync>
        <active_pull>false</active_pull>
        <bucket>miuibluetooth</bucket>
        <use_cdn>true</use_cdn>
    </device_01010606>
    <device_01010501>
        <deviceId>01010501</deviceId>
        <deviceName>Haylou X1</deviceName>
        <version>1</version>
        <disabled>false</disabled>
        <region>[CN]</region>
        <type>2</type>
        <layout>1</layout>
        <tws_headset>true</tws_headset>
        <build>stable</build>
        <rssi>-48</rssi>
        <product>[ALL]</product>
        <allow_sync>true</allow_sync>
        <active_pull>false</active_pull>
        <bucket>miuibluetooth</bucket>
        <use_cdn>true</use_cdn>
    </device_01010501>
    <device_01010607>
        <deviceId>01010607</deviceId>
        <deviceName>Xiaomi Buds 3 Pro</deviceName>
        <version>5</version>
        <disabled>false</disabled>
        <region>[ALL]</region>
        <type>2</type>
        <layout>1</layout>
        <tws_headset>true</tws_headset>
        <build>stable</build>
        <rssi>-55</rssi>
        <product>[ALL]</product>
        <allow_sync>true</allow_sync>
        <active_pull>false</active_pull>
        <bucket>miuibluetooth</bucket>
        <use_cdn>true</use_cdn>
    </device_01010607>
    <device_01010703>
        <deviceId>01010703</deviceId>
        <deviceName>Xiaomi Buds 3 Pro</deviceName>
        <version>2</version>
        <disabled>false</disabled>
        <region>[ALL]</region>
        <type>2</type>
        <layout>1</layout>
        <tws_headset>true</tws_headset>
        <build>stable</build>
        <rssi>-55</rssi>
        <product>[ALL]</product>
        <allow_sync>true</allow_sync>
        <active_pull>false</active_pull>
        <bucket>miuibluetooth</bucket>
        <use_cdn>true</use_cdn>
    </device_01010703>
    <device_01010704>
        <deviceId>01010704</deviceId>
        <deviceName>Xiaomi Buds 3 Pro</deviceName>
        <version>2</version>
        <disabled>false</disabled>
        <region>[ALL]</region>
        <type>2</type>
        <layout>1</layout>
        <tws_headset>true</tws_headset>
        <build>stable</build>
        <rssi>-55</rssi>
        <product>[ALL]</product>
        <allow_sync>true</allow_sync>
        <active_pull>false</active_pull>
        <bucket>miuibluetooth</bucket>
        <use_cdn>true</use_cdn>
    </device_01010704>
    <device_01010705>
        <deviceId>01010705</deviceId>
        <deviceName>Xiaomi Buds 3T Pro</deviceName>
        <version>1</version>
        <disabled>false</disabled>
        <region>[ALL]</region>
        <type>2</type>
        <layout>1</layout>
        <tws_headset>true</tws_headset>
        <build>stable</build>
        <rssi>-48</rssi>
        <product>[ALL]</product>
        <allow_sync>true</allow_sync>
        <active_pull>false</active_pull>
        <bucket>miuibluetooth</bucket>
        <use_cdn>true</use_cdn>
    </device_01010705>
    <device_01010707>
        <deviceId>01010707</deviceId>
        <deviceName>Xiaomi Buds 3T Pro</deviceName>
        <version>1</version>
        <disabled>false</disabled>
        <region>[ALL]</region>
        <type>2</type>
        <layout>1</layout>
        <tws_headset>true</tws_headset>
        <build>stable</build>
        <rssi>-48</rssi>
        <product>[ALL]</product>
        <allow_sync>true</allow_sync>
        <active_pull>false</active_pull>
        <bucket>miuibluetooth</bucket>
        <use_cdn>true</use_cdn>
    </device_01010707>
    <device_01010900>
        <deviceId>01010900</deviceId>
        <deviceName>Haylou X1 Pro</deviceName>
        <version>1</version>
        <disabled>false</disabled>
        <region>[CN]</region>
        <type>2</type>
        <layout>1</layout>
        <tws_headset>true</tws_headset>
        <build>stable</build>
        <rssi>-48</rssi>
        <product>[ALL]</product>
        <allow_sync>true</allow_sync>
        <active_pull>false</active_pull>
        <bucket>miuibluetooth</bucket>
        <use_cdn>true</use_cdn>
    </device_01010900>
    <device_01010901>
        <deviceId>01010901</deviceId>
        <deviceName>Xiaomi Buds 3</deviceName>
        <version>1</version>
        <disabled>false</disabled>
        <region>[ALL]</region>
        <type>2</type>
        <layout>1</layout>
        <tws_headset>true</tws_headset>
        <build>stable</build>
        <rssi>-55</rssi>
        <product>[ALL]</product>
        <allow_sync>true</allow_sync>
        <active_pull>false</active_pull>
        <bucket>miuibluetooth</bucket>
        <use_cdn>true</use_cdn>
    </device_01010901>
    <device_01010902>
        <deviceId>01010902</deviceId>
        <deviceName>Xiaomi Buds 3</deviceName>
        <version>1</version>
        <disabled>false</disabled>
        <region>[ALL]</region>
        <type>2</type>
        <layout>1</layout>
        <tws_headset>true</tws_headset>
        <build>stable</build>
        <rssi>-55</rssi>
        <product>[ALL]</product>
        <allow_sync>true</allow_sync>
        <active_pull>false</active_pull>
        <bucket>miuibluetooth</bucket>
        <use_cdn>true</use_cdn>
    </device_01010902>
	<device_01010903>
        <deviceId>01010903</deviceId>
        <deviceName>Xiaomi Buds 3</deviceName>
        <version>1</version>
        <disabled>false</disabled>
        <region>[ALL]</region>
        <type>2</type>
        <layout>1</layout>
        <tws_headset>true</tws_headset>
        <build>stable</build>
        <rssi>-55</rssi>
        <product>[ALL]</product>
        <allow_sync>true</allow_sync>
        <active_pull>false</active_pull>
        <bucket>miuibluetooth</bucket>
        <use_cdn>true</use_cdn>
    </device_01010903>
    <device_01010904>
        <deviceId>01010904</deviceId>
        <deviceName>Xiaomi Buds 3</deviceName>
        <version>1</version>
        <disabled>false</disabled>
        <region>[ALL]</region>
        <type>2</type>
        <layout>1</layout>
        <tws_headset>true</tws_headset>
        <build>stable</build>
        <rssi>-55</rssi>
        <product>[ALL]</product>
        <allow_sync>true</allow_sync>
        <active_pull>false</active_pull>
        <bucket>miuibluetooth</bucket>
        <use_cdn>true</use_cdn>
    </device_01010904>
    <device_01010700>
        <deviceId>01010700</deviceId>
        <deviceName>FlipBuds Pro</deviceName>
        <version>1</version>
        <disabled>false</disabled>
        <region>[CN]</region>
        <type>2</type>
        <layout>1</layout>
        <tws_headset>true</tws_headset>
        <build>stable</build>
        <rssi>-55</rssi>
        <product>[ALL]</product>
        <allow_sync>true</allow_sync>
        <active_pull>false</active_pull>
        <bucket>miuibluetooth</bucket>
        <use_cdn>true</use_cdn>
    </device_01010700>
    <device_0000240006>
        <deviceId>0000240006</deviceId>
        <deviceName>SMOOTH-Q3</deviceName>
        <version>1</version>
        <disabled>false</disabled>
        <region>[CN]</region>
        <type>2</type>
        <layout>4</layout>
        <tws_headset>false</tws_headset>
        <build>stable</build>
        <rssi>-48</rssi>
        <product>[ALL]</product>
        <allow_sync>true</allow_sync>
        <active_pull>false</active_pull>
        <bucket>miuibluetooth</bucket>
        <use_cdn>true</use_cdn>
    </device_0000240006>
    <device_01011004>
        <deviceId>01011004</deviceId>
        <deviceName>Xiaomi Buds 3 Pro</deviceName>
        <version>3</version>
        <disabled>false</disabled>
        <region>[CN]</region>
        <type>2</type>
        <layout>1</layout>
        <tws_headset>true</tws_headset>
        <build>stable</build>
        <rssi>-55</rssi>
        <product>[ALL]</product>
        <allow_sync>true</allow_sync>
        <active_pull>false</active_pull>
        <bucket>miuibluetooth</bucket>
        <use_cdn>true</use_cdn>
    </device_01011004>
	<device_01011103>
        <deviceId>01011103</deviceId>
        <deviceName>Xiaomi Buds 3T Pro</deviceName>
        <version>1</version>
        <disabled>false</disabled>
        <region>[ALL]</region>
        <type>2</type>
        <layout>1</layout>
        <tws_headset>true</tws_headset>
        <build>stable</build>
        <rssi>-55</rssi>
        <product>[ALL]</product>
        <allow_sync>true</allow_sync>
        <active_pull>false</active_pull>
        <bucket>miuibluetooth</bucket>
        <use_cdn>true</use_cdn>
    </device_01011103>
    <device_01011005>
        <deviceId>01011005</deviceId>
        <deviceName>Redmi Buds 4</deviceName>
        <version>8</version>
        <disabled>false</disabled>
        <region>[CN]</region>
        <type>2</type>
        <layout>1</layout>
        <tws_headset>true</tws_headset>
        <build>stable</build>
        <rssi>-55</rssi>
        <product>[ALL]</product>
        <allow_sync>true</allow_sync>
        <active_pull>false</active_pull>
        <bucket>miuibluetooth</bucket>
        <use_cdn>true</use_cdn>
    </device_01011005>
	<device_01011006>
	<deviceId>01011006</deviceId>
        <deviceName>Redmi Buds 4</deviceName>
        <version>8</version>
        <disabled>false</disabled>
        <region>[CN]</region>
        <type>2</type>
        <layout>1</layout>
        <tws_headset>true</tws_headset>
        <build>stable</build>
        <rssi>-55</rssi>
        <product>[ALL]</product>
        <allow_sync>true</allow_sync>
        <active_pull>false</active_pull>
        <bucket>miuibluetooth</bucket>
        <use_cdn>true</use_cdn>
    </device_01011006>
	<device_01010906>
		<deviceId>01010906</deviceId>
		<deviceName>Redmi AirDots 3 Pro 原神版</deviceName>
		<version>1</version>
		<disabled>false</disabled>
		<region>[CN]</region>
		<type>2</type>
		<layout>1</layout>
		<tws_headset>true</tws_headset>
		<build>stable</build>
		<rssi>-48</rssi>
		<product>[ALL]</product>
		<allow_sync>true</allow_sync>
		<active_pull>false</active_pull>
		<bucket>miuibluetooth</bucket>
		<use_cdn>true</use_cdn>
	</device_01010906>
	<device_01010907>
        <deviceId>01010907</deviceId>
        <deviceName>POCO Buds Pro × Genshin Impact</deviceName>
        <version>1</version>
        <disabled>false</disabled>
        <region>[ALL]</region>
        <type>2</type>
        <layout>1</layout>
        <tws_headset>true</tws_headset>
        <build>stable</build>
        <rssi>-50</rssi>
        <product>[ALL]</product>
        <allow_sync>true</allow_sync>
        <active_pull>false</active_pull>
        <bucket>miuibluetooth</bucket>
        <use_cdn>true</use_cdn>
    </device_01010907>
    <device_01011001>
        <deviceId>01011001</deviceId>
        <deviceName>Redmi Buds 4 Pro</deviceName>
        <version>1</version>
        <disabled>false</disabled>
        <region>[CN]</region>
        <type>2</type>
        <layout>1</layout>
	<static_support>2</static_support>
        <tws_headset>true</tws_headset>
        <build>stable</build>
        <rssi>-48</rssi>
        <product>[ALL]</product>
        <allow_sync>true</allow_sync>
        <active_pull>false</active_pull>
        <bucket>miuibluetooth</bucket>
        <use_cdn>true</use_cdn>
    </device_01011001>
    <device_01011007>
        <deviceId>01011007</deviceId>
        <deviceName>Redmi Buds 4 Pro</deviceName>
        <version>1</version>
        <disabled>false</disabled>
        <region>[CN]</region>
        <type>2</type>
        <layout>1</layout>
	<static_support>2</static_support>
        <tws_headset>true</tws_headset>
        <build>stable</build>
        <rssi>-48</rssi>
        <product>[ALL]</product>
        <allow_sync>true</allow_sync>
        <active_pull>false</active_pull>
        <bucket>miuibluetooth</bucket>
        <use_cdn>true</use_cdn>
    </device_01011007>
    <device_01010403>
        <deviceId>01010403</deviceId>
        <deviceName>ZMI PurSpace 2 Pro</deviceName>
        <version>1</version>
        <disabled>false</disabled>
        <region>[CN]</region>
        <type>2</type>
        <layout>1</layout>
        <tws_headset>true</tws_headset>
        <build>stable</build>
        <rssi>-48</rssi>
        <product>[ALL]</product>
        <allow_sync>true</allow_sync>
        <active_pull>false</active_pull>
        <bucket>miuibluetooth</bucket>
        <use_cdn>true</use_cdn>
    </device_01010403>
    <device_01011200>
        <deviceId>01011200</deviceId>
        <deviceName>Redmi Buds 4</deviceName>
        <version>8</version>
        <disabled>false</disabled>
        <region>[ALL]</region>
        <type>2</type>
        <layout>1</layout>
        <tws_headset>true</tws_headset>
        <build>stable</build>
        <rssi>-55</rssi>
        <product>[ALL]</product>
        <allow_sync>true</allow_sync>
        <active_pull>false</active_pull>
        <bucket>miuibluetooth</bucket>
        <use_cdn>true</use_cdn>
    </device_01011200>
    <device_01011201>
        <deviceId>01011201</deviceId>
        <deviceName>Redmi Buds 4</deviceName>
        <version>8</version>
        <disabled>false</disabled>
        <region>[ALL]</region>
        <type>2</type>
        <layout>1</layout>
        <tws_headset>true</tws_headset>
        <build>stable</build>
        <rssi>-55</rssi>
        <product>[ALL]</product>
        <allow_sync>true</allow_sync>
        <active_pull>false</active_pull>
        <bucket>miuibluetooth</bucket>
        <use_cdn>true</use_cdn>
    </device_01011201>
    <device_01011202>
        <deviceId>01011202</deviceId>
        <deviceName>Redmi Buds 4</deviceName>
        <version>8</version>
        <disabled>false</disabled>
        <region>[ALL]</region>
        <type>2</type>
        <layout>1</layout>
        <tws_headset>true</tws_headset>
        <build>stable</build>
        <rssi>-55</rssi>
        <product>[ALL]</product>
        <allow_sync>true</allow_sync>
        <active_pull>false</active_pull>
        <bucket>miuibluetooth</bucket>
        <use_cdn>true</use_cdn>
    </device_01011202>
    <device_01011203>
        <deviceId>01011203</deviceId>
        <deviceName>Redmi Buds 4</deviceName>
        <version>8</version>
        <disabled>false</disabled>
        <region>[ALL]</region>
        <type>2</type>
        <layout>1</layout>
        <tws_headset>true</tws_headset>
        <build>stable</build>
        <rssi>-55</rssi>
        <product>[ALL]</product>
        <allow_sync>true</allow_sync>
        <active_pull>false</active_pull>
        <bucket>miuibluetooth</bucket>
        <use_cdn>true</use_cdn>
    </device_01011203>
    <device_01011204>
        <deviceId>01011204</deviceId>
        <deviceName>Xiaomi Buds 4</deviceName>
        <version>2</version>
        <disabled>false</disabled>
        <region>[CN]</region>
        <type>2</type>
        <layout>1</layout>
        <tws_headset>true</tws_headset>
        <build>stable</build>
        <rssi>-52</rssi>
        <product>[ALL]</product>
        <allow_sync>true</allow_sync>
        <active_pull>false</active_pull>
        <bucket>miuibluetooth</bucket>
        <use_cdn>true</use_cdn>
    </device_01011204>
    <device_01011205>
        <deviceId>01011205</deviceId>
        <deviceName>Xiaomi Buds 4</deviceName>
        <version>2</version>
        <disabled>false</disabled>
        <region>[CN]</region>
        <type>2</type>
        <layout>1</layout>
        <tws_headset>true</tws_headset>
        <build>stable</build>
        <rssi>-52</rssi>
        <product>[ALL]</product>
        <allow_sync>true</allow_sync>
        <active_pull>false</active_pull>
        <bucket>miuibluetooth</bucket>
        <use_cdn>true</use_cdn>
    </device_01011205>
    <device_01011206>
        <deviceId>01011206</deviceId>
        <deviceName>Xiaomi Buds 4</deviceName>
        <version>2</version>
        <disabled>false</disabled>
        <region>[ALL]</region>
        <type>2</type>
        <layout>1</layout>
        <tws_headset>true</tws_headset>
        <build>stable</build>
        <rssi>-52</rssi>
        <product>[ALL]</product>
        <allow_sync>true</allow_sync>
        <active_pull>false</active_pull>
        <bucket>miuibluetooth</bucket>
        <use_cdn>true</use_cdn>
    </device_01011206>
    <device_01011207>
        <deviceId>01011207</deviceId>
        <deviceName>Xiaomi Buds 4</deviceName>
        <version>2</version>
        <disabled>false</disabled>
        <region>[ALL]</region>
        <type>2</type>
        <layout>1</layout>
        <tws_headset>true</tws_headset>
        <build>stable</build>
        <rssi>-52</rssi>
        <product>[ALL]</product>
        <allow_sync>true</allow_sync>
        <active_pull>false</active_pull>
        <bucket>miuibluetooth</bucket>
        <use_cdn>true</use_cdn>
    </device_01011207>
    <device_01011305>
        <deviceId>01011305</deviceId>
        <deviceName>Xiaomi Buds 4</deviceName>
        <version>2</version>
        <disabled>false</disabled>
        <region>[CN]</region>
        <type>2</type>
        <layout>1</layout>
        <tws_headset>true</tws_headset>
        <build>stable</build>
        <rssi>-52</rssi>
        <product>[ALL]</product>
        <allow_sync>true</allow_sync>
        <active_pull>false</active_pull>
        <bucket>miuibluetooth</bucket>
        <use_cdn>true</use_cdn>
    </device_01011305>
    <device_01011104>
        <deviceId>01011104</deviceId>
        <deviceName>Xiaomi Buds 4 Pro</deviceName>
        <version>2</version>
        <disabled>false</disabled>
        <region>[ALL]</region>
        <type>2</type>
        <layout>1</layout>
        <tws_headset>true</tws_headset>
        <build>stable</build>
        <rssi>-48</rssi>
        <product>[ALL]</product>
        <allow_sync>true</allow_sync>
        <active_pull>false</active_pull>
        <bucket>miuibluetooth</bucket>
        <use_cdn>true</use_cdn>
    </device_01011104>
    <device_01011105>
        <deviceId>01011105</deviceId>
        <deviceName>Xiaomi Buds 4 Pro</deviceName>
        <version>2</version>
        <disabled>false</disabled>
        <region>[ALL]</region>
        <type>2</type>
        <layout>1</layout>
        <tws_headset>true</tws_headset>
        <build>stable</build>
        <rssi>-48</rssi>
        <product>[ALL]</product>
        <allow_sync>true</allow_sync>
        <active_pull>false</active_pull>
        <bucket>miuibluetooth</bucket>
        <use_cdn>true</use_cdn>
    </device_01011105>
    <device_01011106>
        <deviceId>01011106</deviceId>
        <deviceName>Xiaomi Buds 4 Pro</deviceName>
        <version>2</version>
        <disabled>false</disabled>
        <region>[ALL]</region>
        <type>2</type>
        <layout>1</layout>
        <tws_headset>true</tws_headset>
        <build>stable</build>
        <rssi>-48</rssi>
        <product>[ALL]</product>
        <allow_sync>true</allow_sync>
        <active_pull>false</active_pull>
        <bucket>miuibluetooth</bucket>
        <use_cdn>true</use_cdn>
    </device_01011106>
    <device_01011107>
        <deviceId>01011107</deviceId>
        <deviceName>Xiaomi Buds 4 Pro</deviceName>
        <version>2</version>
        <disabled>false</disabled>
        <region>[ALL]</region>
        <type>2</type>
        <layout>1</layout>
        <tws_headset>true</tws_headset>
        <build>stable</build>
        <rssi>-48</rssi>
        <product>[ALL]</product>
        <allow_sync>true</allow_sync>
        <active_pull>false</active_pull>
        <bucket>miuibluetooth</bucket>
        <use_cdn>true</use_cdn>
    </device_01011107>
    <device_01011306>
        <deviceId>01011306</deviceId>
        <deviceName>Xiaomi Buds 4 Pro</deviceName>
        <version>2</version>
        <disabled>false</disabled>
        <region>[ALL]</region>
        <type>2</type>
        <layout>1</layout>
        <tws_headset>true</tws_headset>
        <build>stable</build>
        <rssi>-48</rssi>
        <product>[ALL]</product>
        <allow_sync>true</allow_sync>
        <active_pull>false</active_pull>
        <bucket>miuibluetooth</bucket>
        <use_cdn>true</use_cdn>
    </device_01011306>
    <device_01011002>
        <deviceId>01011002</deviceId>
        <deviceName>Redmi Buds 4 Pro</deviceName>
        <version>1</version>
        <disabled>false</disabled>
        <region>[ALL]</region>
        <type>2</type>
        <layout>1</layout>
	<static_support>2</static_support>
        <tws_headset>true</tws_headset>
        <build>stable</build>
        <rssi>-48</rssi>
        <product>[ALL]</product>
        <allow_sync>true</allow_sync>
        <active_pull>false</active_pull>
        <bucket>miuibluetooth</bucket>
        <use_cdn>true</use_cdn>
    </device_01011002>
    <device_01011003>
        <deviceId>01011003</deviceId>
        <deviceName>Redmi Buds 4 Pro</deviceName>
        <version>1</version>
        <disabled>false</disabled>
        <region>[ALL]</region>
        <type>2</type>
        <layout>1</layout>
	<static_support>2</static_support>
        <tws_headset>true</tws_headset>
        <build>stable</build>
        <rssi>-48</rssi>
        <product>[ALL]</product>
        <allow_sync>true</allow_sync>
        <active_pull>false</active_pull>
        <bucket>miuibluetooth</bucket>
        <use_cdn>true</use_cdn>
    </device_01011003>
    <device_01010404>
        <deviceId>01010404</deviceId>
        <deviceName>ZMI PurSpace X</deviceName>
        <version>1</version>
        <disabled>false</disabled>
        <region>[CN]</region>
        <type>2</type>
        <layout>1</layout>
	<static_support>2</static_support>
        <tws_headset>true</tws_headset>
        <build>stable</build>
        <rssi>-50</rssi>
        <product>[ALL]</product>
        <allow_sync>true</allow_sync>
        <active_pull>false</active_pull>
        <bucket>miuibluetooth</bucket>
        <use_cdn>true</use_cdn>
    </device_01010404>
    <device_01011300>
        <deviceId>01011300</deviceId>
        <deviceName>Xiaomi Earphones Necklace</deviceName>
        <version>1</version>
        <disabled>false</disabled>
        <region>[CN]</region>
        <type>2</type>
        <layout>3</layout>
        <tws_headset>true</tws_headset>
        <build>stable</build>
        <rssi>-47</rssi>
        <product>[ALL]</product>
        <allow_sync>true</allow_sync>
        <active_pull>false</active_pull>
        <bucket>miuibluetooth</bucket>
        <use_cdn>true</use_cdn>
    </device_01011300>
    <device_01011101>
        <deviceId>01011101</deviceId>
        <deviceName>Xiaomi Earphones Explore</deviceName>
        <version>1</version>
        <disabled>false</disabled>
        <region>[CN]</region>
        <type>2</type>
        <layout>3</layout>
        <tws_headset>true</tws_headset>
        <build>stable</build>
        <rssi>-49</rssi>
        <product>[ALL]</product>
        <allow_sync>true</allow_sync>
        <active_pull>false</active_pull>
        <bucket>miuibluetooth</bucket>
        <use_cdn>true</use_cdn>
    </device_01011101>
    <device_01011407>
        <deviceId>01011407</deviceId>
        <deviceName>Redmi buds 4</deviceName>
        <version>8</version>
        <disabled>false</disabled>
        <region>[CN]</region>
        <type>2</type>
        <layout>1</layout>
        <tws_headset>true</tws_headset>
        <build>stable</build>
        <rssi>-55</rssi>
        <product>[ALL]</product>
        <allow_sync>true</allow_sync>
        <active_pull>false</active_pull>
        <bucket>miuibluetooth</bucket>
        <use_cdn>true</use_cdn>
    </device_01011407>
    <device_01011302>
        <deviceId>01011302</deviceId>
        <deviceName>Redmi Buds 4 青春版</deviceName>
        <version>1</version>
        <disabled>false</disabled>
        <region>[ALL]</region>
        <type>2</type>
        <layout>1</layout>
        <tws_headset>true</tws_headset>
        <build>stable</build>
        <rssi>-50</rssi>
        <product>[ALL]</product>
        <allow_sync>true</allow_sync>
        <active_pull>false</active_pull>
        <bucket>miuibluetooth</bucket>
        <use_cdn>true</use_cdn>
    </device_01011302>
    <device_01011303>
        <deviceId>01011303</deviceId>
        <deviceName>Redmi Buds 4 Lite</deviceName>
        <version>1</version>
        <disabled>false</disabled>
        <region>[ALL]</region>
        <type>2</type>
        <layout>1</layout>
        <tws_headset>true</tws_headset>
        <build>stable</build>
        <rssi>-50</rssi>
        <product>[ALL]</product>
        <allow_sync>true</allow_sync>
        <active_pull>false</active_pull>
        <bucket>miuibluetooth</bucket>
        <use_cdn>true</use_cdn>
    </device_01011303>
    <device_01011500>
        <deviceId>01011500</deviceId>
        <deviceName>Redmi Buds 4 Lite</deviceName>
        <version>1</version>
        <disabled>false</disabled>
        <region>[ALL]</region>
        <type>2</type>
        <layout>1</layout>
        <tws_headset>true</tws_headset>
        <build>stable</build>
        <rssi>-50</rssi>
        <product>[ALL]</product>
        <allow_sync>true</allow_sync>
        <active_pull>false</active_pull>
        <bucket>miuibluetooth</bucket>
        <use_cdn>true</use_cdn>
    </device_01011500>
    <device_01011501>
        <deviceId>01011501</deviceId>
        <deviceName>Redmi Buds 4 Lite</deviceName>
        <version>1</version>
        <disabled>false</disabled>
        <region>[ALL]</region>
        <type>2</type>
        <layout>1</layout>
        <tws_headset>true</tws_headset>
        <build>stable</build>
        <rssi>-50</rssi>
        <product>[ALL]</product>
        <allow_sync>true</allow_sync>
        <active_pull>false</active_pull>
        <bucket>miuibluetooth</bucket>
        <use_cdn>true</use_cdn>
    </device_01011501>
</cloudControlRecord>
